uid,body,title,url,newspaper_uid,host,n_token_title,n_token_body
31be7e37874a91b05194f7156a8d4e3b,"Esto a partir del sorteo que realizó el Consejo General del Instituto Nacional Electoral (INE) el día de hoy en sesión ordinaria.El Consejero Presidente del INE, Lorenzo Córdova, destacó que el procedimiento establecido en la ley para la selección de las y los funcionarios de casilla garantiza la objetividad y certeza en los resultados de la elección.“Hoy, a cuatro meses del arranque de la Jornada Electoral más grande de nuestra historia democrática, nadie sabe a ciencia cierta quién cumplirá la delicada función de recibir y contar los votos de las y los ciudadanos mexicanos. Esa incertidumbre, a cuatro meses de la Jornada Electoral, constituye la mejor garantía de que los votos serán contados y serán contados bien”, añadió.Dijo que en México las elecciones no las hace el INE, sino las y los ciudadanos, y “son ellos la mejor garantía de que los votos se contarán de manera imparcial y objetiva. En México los votos no los cuenta el INE, no los cuentan los partidos políticos, los cuentan las y los ciudadanos”.Por su parte, el Consejero Marco Antonio Baños informó que a partir del día 4 de marzo; es decir, el domingo de esta semana, se procederá a realizar el sorteo del 13 por ciento de los ciudadanos inscritos en la Lista Nominal de cada una de las secciones electorales; al día siguiente se hará la impresión, en los 3 Consejos Distritales, de las notificaciones respectivas y el 7 de marzo inicia el trabajo de los capacitadores electorales que han sido designados para visitar a las personas sorteadas en sus domicilios.“Con esto, damos inicio formal a los trabajos de integración de mesas directivas de casilla, una de las actividades más relevantes de la logística del Proceso Electoral, la más delicada, la más compleja, la más importante, porque serán, efectivamente, los ciudadanos que reciban los votos en las más de 155 mil casillas que se van a instalar el próximo 1 de julio”.Al desahogar el orden del día, las consejeras y consejeros electorales recibieron el Informe Anual en materia de Transparencia, Acceso a la Información y Protección de Datos Personales 217, el cual señala que durante ese año, el INE recibió 4 mil 397 solicitudes en materia de acceso a la información y protección de datos personales, de las cuales 3 mil 747 corresponden a acceso a la información pública y 65 a datos personales. "," Ciudadanas y ciudadanos nacidos en febrero y marzo, cuyo apellido comience con la letra “F” serán funcionarios de casilla","http://huatusconoticias.com/portal//portal/index.php/estatal-y-nacional/34-security/2582-ciudadanas-y-ciudadanos-nacidos-en-febrero-y-marzo,-cuyo-apellido-comience-con-la-letra-“f”-serán-funcionarios-de-casilla.html",huatusco,huatusconoticias.com,12,187
86eda208fbd42a9acf47060130dcb608,"Fue falla en sistemas de potencia de líneas de 4mv a 115 y la afectación también llegó a municipios como Mendoza, Río Blanco, Nogales Orizaba, Ixtaczoquitlán , Córdoba fortín , Cosco y municipios aledaños.El líder de Sindicato Único de Trabajadores Electricistas de la República Mexicana, Esteban Reyes Hernández quien externó que el corte eléctrico que afectó a empresas, comercios y viviendas, aún en Orizaba se trabaja para dotar de energía a la población lo más pronto posible.El dirigente del Suterm en Córdoba precisó que el corte de energía se registró en la subestación eléctrica de Ojo de Agua, en el banco de potencia de 4/115 kilovatios. Dijo que se encuentran en proceso de restablecimiento la carga en coordinación con la zona de operación de transmisión Veracruz recuperando los servicios más importantes.","“Apagón” afecta a más de 1 municipios, entre ellos Huatusco, Córdoba y Orizaba","http://huatusconoticias.com/portal//portal/index.php/estatal-y-nacional/33-personal-tech/3907-“apagón”-afecta-a-más-de-10-municipios,-entre-ellos-huatusco,-córdoba-y-orizaba.html",huatusco,huatusconoticias.com,6,68
6322d762cd78cf25895f7a71d37a4340,"Por fortuna, hasta este momento, no se ha presentado ningún caso sospechoso en este municipio, gracias las acciones de prevención que se están llevando y que están siendo atendidas de manera permanente, para evitar a toda costa que el coronavirus se propague.Además de recomendar quedarse en casa, los empleados del Ayuntamiento también han colorado contenedores con agua y jabón en los lugares más concurridos, para que las personas puedan desinfectarse las manos.Otra de las acciones es la suspensión indefinida de la venta de alcohol en todo el municipio, incluye el cierre de bares y cantinas.Así mismo se coloraron filtros de seguridad, por parte de la Policía Municipal para dar recomendaciones a las personas y en una medida extrema evitar el acceso a personas que llegan de otros lugares y no llevan una prioridad para ingresar al municipio.Así mismo para reforzar estas medidas y evitar también el Dengue y chikungunya en esta temporada de mosquitos y no afecte en la salud de los habitantes de Tenampa, es por ello que se han fumigado espacios públicos.",Refuerzan medidas para evitar contagios de Covid19 en Tenampa,http://huatusconoticias.com/portal//portal/index.php/local/28-racing/5104-refuerzan-medidas-para-evitar-contagios-de-covid19-en-tenampa.html,huatusco,huatusconoticias.com,5,78
a31a6bbd49a951640816a1972ea29059,"Xalapa, Ver. 6 Abril 22.- El estado de Veracruz se coloca en el primer lugar nacional en casos de neumonía atípica, con 81 casos confirmados en las últimas semanas por la Secretaría de Salud Estatal.Pese a ser una enfermedad cuya mayor incidencia se registra en los meses invernales, en medio de la actual contingencia por COVID-19, en la entidad se han presentado en el lapso de una semana (del 15 al 21 de marzo), decenas de casos atípicos de neumonía atípica.De acuerdo al concentrado semanal reportado por la SSA-VER, este indica que el total a nivel nacional es de 2 mil 531 enfermos, siendo Veracruz donde se han confirmado 81 nuevos casos de esta neumonía atípica, donde muchos de ellos se detectaron en la última semana.La definición de especialistas la neumonía atípica es una neumonía cuyo agente etiológico no ha sido identificado por medio de exámenes de laboratorio.Primero hay que partir del hecho de que una neumonía es la inflamación o hinchazón del tejido pulmonar debido a la infección causada por un virus; lo que hace atípica a una neumonía es ser causada por un patógeno diferente a los más comunes.Los principales síntomas de este tipo de padecimiento son: tos, fiebre alta y dificultad para respirar.Otros síntomas menos frecuentes de la neumonía atípica son: dolor en el pecho al respirar profundamente o toser, dolor de garganta, pérdida del apetito, fuertes dolores musculares, fatiga y sudoración.","Veracruz registra 81 casos de neumonía atípica, informó la SSA-VER","http://huatusconoticias.com/portal//portal/index.php/estatal-y-nacional/33-personal-tech/5106-veracruz-registra-81-casos-de-neumonía-atípica,-informó-la-ssa-ver.html",huatusco,huatusconoticias.com,6,113
8f62a4825ccb2ef7d12daf5d637d8958,"Así lo dio a conocer el Director del DIF municipal, Antonio Ixtla Martínez, quien explicó que estos proyectos productivos, fueron gestionados ante el departamento de atención a población vulnerable del DIF estatal.“Se entregaron tres proyectos productivos a las comunidades de Ixcatla, Ocotitlán y en la colonia “Hermenegildo Romero” de la cabecera municipal, los cuales constó de pollas ponedoras y gallos, así como alimento, bebederos, comedores, tela malla para corral, vitaminas y juegos de contenedores para las aves”, indicó el Director del organismo asistencial.Agregó que estos proyectos productivos se entregaron a cada grupo con la intención de que las familias beneficiadas puedan generar un beneficio propio y puedan apoyarse con el autoconsumo de huevo y de las mismas aves una vez que produzcan más unidades.Indicó Ixtla Martínez que los proyectos fueron gestionados durante el segundo semestre de 219, resultando beneficiarios tres grupos solamente, sin embargo se busca que cada comunidad cuente con este beneficio, por lo que se encuentran en espera de que sean aprobadas sus solicitudesSeñaló que con este tipo de acciones, el DIF municipal busca minimizar el problema alimentario que está presente en el municipio, aún más con la situación de salud actual que prevalece en el país.",Entregan proyectos productivos en Ixhuatlán del Café,http://huatusconoticias.com/portal//portal/index.php/local/28-racing/5112-entregan-proyectos-productivos-en-ixhuatlán-del-café.html,huatusco,huatusconoticias.com,5,106
30513b8ede70d838784a28d2f49cc49b,"De acuerdo a información recabada, los uniformados se percataron que un vehículo, circulaba en sentido contrario sobre la calle 6 entre avenidas 4 y 6 de esta ciudad, por lo que rápidamente procedieron a interceptarlo y a solicitar una revisión.El sujeto de nombre Luis Omar Bonilla, de 3 años de edad, con domicilio en Córdoba, conducía un Nissan Tsuru, color gris, con placas XVF 4583 del estado, mismo que llevaba en la parte delantera periódico del El Buen Tono, mismo que viene a distribuir a esta ciudad.Sin embargo, al ser revisado, llevaba consigo dosis de polvo granulado color blanco, similares al Cristal y debido a las características con la droga, fue detenido y trasladado a la Comandancia Municipal.Así mismo, su vehículo fue asegurado y enviado al corralón con todo y periódico.",Detienen a Vendedor de El Buen Tono en sentido contrario y con droga ,http://huatusconoticias.com/portal//portal/index.php/nota-roja/22-nota-policiaca/5114-detienen-a-vendedor-de-el-buen-tono-en-sentido-contrario-y-con-droga.html,huatusco,huatusconoticias.com,6,65
bb29980298b102660507396746c6d181,"Miona por el olor desagradable que la hace inútil para comer, pero ese olor deriva de la cantidad de feromonas que despide para atraer a la hembra con la que se va a aparear y que fundará un nuevo hormiguero. Estamos hablando pues, del rey del hormiguero, de la hormiga rey.Los zánganos se aparean con las hembras de otros hormigueros, por eso en la madrugada en que salen procuran salir primero y también por eso su apareamiento es en el aire en lo que denominamos un auténtico vuelo nupcial.Esto permite que los genes que heredan a su progenie no sean de la misma familia y no se degeneren y desaparezcan. Hace más de cien millones de años aparecieron las hormigas obreras sin alas (solo las reinas y los zánganos tendrán alas) de modo que para poder comunicarse desarrollaron múltiples habilidades químicas y los compuestos que usan son las feromonas que sirven entre otras cosas para la atracción sexual.Triste es el destino del zángano que solo vivió para alimentarse y aparearse pues en tanto que una reina puede llegar a vivir treinta años el zángano vive apenas unas horas. Se aparea y muere.La hormiga reina puede llegar a poner 1 huevos diarios, almacena el semen de su apareamiento y ella decide que huevos fertiliza y cuales no y los huevos fertilizados se convertirán en futuras reinas y zánganos en tanto que los no fertilizados darán solo obreras.Llegaron los días de fiesta en Huatusco para comer chicatanas y de honrar al despreciado y mal visto zángano. Gracias Tláloc por las lluvias y las chicatanas.Y honor al zángano.El rey ha muerto ¡Viva el Rey!","“La Chicatana miona”, muere luego del apareamiento ","http://huatusconoticias.com/portal//portal/index.php/especiales/4047-“la-chicatana-miona”,-muere-luego-del-apareamiento.html",huatusco,huatusconoticias.com,5,129
2af7f25cc929a57ade11ee5f78169987,"La presidenta municipal, Leticia López Landero, reiteró el llamado enérgico a la ciudadanía a quedarse en casa y mantener un estricto proceso de lavado de manos y superficies de contacto como medidas preventivas para impedir mayores contagios, principalmente entre grupos vulnerables.Indicó que el gobierno municipal mantiene el apoyo a las personas que más lo necesitan a través del programa de apoyo alimentario dirigido a personas adultas mayores, madres solteras, personas desempleadas y personas con discapacidad, así como la entrega masiva de paquetes con materiales de sanidad e higiene tanto al público en general como a personal médico y de servicios operativos de la administración municipal.López Landero señaló que el gobierno de Córdoba se mantiene coordinado con las autoridades de salud para reforzar las medidas preventivas a favor de la ciudad. Indicó que es indispensable la participación corresponsable, solidaria, voluntaria de la población para que las medidas que se han tomado tengan un efecto positivo.Destacó que solo se debe salir de casa con causa justificada, y de hacerlo, no se deberá acompañar de adultos mayores o menores de edad. Dijo que de acuerdo a lo indicado por las autoridades de salud, es indispensable mantener una distancia segura de más de un metro entre personas, y aplicar un protocolo de limpieza antes de ingresar a los hogares.La Presidenta Municipal indicó que su administración continuará trabajando a favor de la salud y el bienestar de las familias de Córdoba.",Confirma Secretaría de Salud de Veracruz primer caso positivo a COVID19 en Córdoba,http://huatusconoticias.com/portal//portal/index.php/local/28-racing/5111-confirma-secretaría-de-salud-de-veracruz-primer-caso-positivo-a-covid19-en-córdoba.html,huatusco,huatusconoticias.com,8,121
63c6b8cdb0732b87cb3c921cdc69a4f2,"Mientras tanto El gobernador Miguel Ángel Yunes Linares encabezó la reunión del Comité Estatal de Emergencia ante la posibilidad de que la tormenta tropical Franklin toque algún punto, no precisado aún, del norte del Estado la madrugada de este jueves.El coordinador del Centro de Estudios y Pronósticos Meteorológicos de la Secretaría de Protección Civil, Federico Acevedo Rosas, explicó que el pronóstico que se tiene hasta este momento es que por la madrugada del próximo jueves este fenómeno toque en el norte de la entidad.Detalló que la tormenta se desarrolló la noche del domingo en el Caribe, y Veracruz recibiría una importante descarga de agua, por lo que se mantendrán en alerta al comportamiento de los ríos principalmente aquellos de respuesta rápida, que podrían afectar a la población. “El próximo jueves podría estar impactando las costas de Veracruz como huracán categoría 1 con vientos de hasta 12 o 13 kilómetros por hora”, afirmó.“Llama la atención que hasta este momento se tiene el pronóstico de que estaría dejando lluvias de 12 horas, de la noche de miércoles a la mañana de jueves, superiores a las 2 milímetros en cuencas complicadas de Tuxpan, Cazones, Tecolutla, Misantla, Actopan, Antigua, Jamapa y Cotaxtla, que podría provocar aumentos súbitos en los niveles de los ríos, que también podrían dejar derrumbe, deslaves y deslizamientos en zonas de montañas.Para las próximas 24 hora se prevé en el estado de Veracruz continúe el tiempo cálido con potencial para algunas de lluvias y tormentas, especialmente en zonas del centro (regiones montañosas) y sur, con tendencia a aumentar notablemente el miércoles por el acercamiento de la tormenta tropical ""Franklin” ","“Franklin"" estaría tocando Veracruz como Huracán Categoría 1, la madrugada del jueves","http://huatusconoticias.com/portal//portal/index.php/estatal-y-nacional/33-personal-tech/1963-“franklin-estaría-tocando-veracruz-como-huracán-categoría-1,-la-madrugada-del-jueves.html",huatusco,huatusconoticias.com,7,133
064ed038febc78f0f8fe911737812ea2," Julián Laureano Morales de 19 años e identificado en la colonia con el alias de El Roberto, fue sorprendido con un arma blanca, alrededor de las 11 de la noche del miércoles, en el interior del domicilio ubicado en la manzana 31, lote 21 de la citada colonia.La persona que reportó el allanamiento de su vivienda decidió no proceder en contra del sujeto por temor a represalias, ya que sostiene, el joven albañil es temido por los vecinos debido a que se dedica a actividades ilícitas.Ante la falta de denuncia el joven solo quedó por cometer una falta administrativa por lo que en las próximas horas recuperará su libertad, ante lo que las autoridades exhortan a interponer denuncia ante la fiscalía. Este sujeto es reportado por los vecinos por dedicarse al robo, aunque nunca ha sido denunciado penalmente pues aseguran que tiene atemorizados a los colonos."," Detienen a presunto ladrón de la Reserva, con arma blanca","http://huatusconoticias.com/portal//portal/index.php/nota-roja/22-nota-policiaca/1777-detienen-a-presunto-ladrón-de-la-reserva,-con-arma-blanca.html",huatusco,huatusconoticias.com,6,68
02eb30828501c2c1eac82889bc0a1fda," Las multas por infracciones de Tránsito van a bajar notablemente. Acabo de firmar la Reforma al Reglamento, y esta reforma se va a publicar mañana y empezará a surtir vigencia el día 1° de julio.La disminución es realmente importante. Voy a darles algunos datos: Por ejemplo, por utilizar el teléfono o cualquier otro dispositivo electrónico que implique distracción mientras se conduce, la multa era hasta de $4, 882.44; hoy será de $585.4Estacionarse donde existe señalización que lo prohíba, la multa era de $2,1.; hoy será de $94.36. Conducir sin licencia o sin permiso para conducir vigentes, era de $3,21.6; hoy será de $31.96.En el caso de vehículos de carga, circular fuera del horario establecido para los vehículos de carga, era hasta de $24, 12.; hoy será de $773.77. En todos los casos, siempre y cuando se pague dentro de los cinco días siguientes a ser infraccionado.Yo quiero decirles lo siguiente: primero estamos haciendo un gran esfuerzo, entendemos la molestia y la preocupación de los veracruzanos por estas multas injustas que les habían sido impuestas. Vamos a hacer un gran esfuerzo para que la recaudación no nos afecte, pero les quiero pedir algo: vayamos a ser cada día más respetuosos, seamos cada día más respetuosos de las normas de Tránsito y Vialidad, no corramos riesgos, es muy importante. Y pedirles algo más, denuncien la corrupción, si un Agente de Tránsito les quiere cobrar indebidamente alguna cantidad, vayan y denuncien, hablen al teléfono 911 o vayan a la Delegación de Tránsito o mándenme un correo, pero no permitan la corrupción. Tenemos que hacer un gran esfuerzo para que Veracruz cambie, lo estamos haciendo. Hoy cumplí uno de mis compromisos, bajar las multas de Tránsito",“Bajarán las multas de tránsito”: Gobernador Yunes,http://huatusconoticias.com/portal//portal/index.php/estatal-y-nacional/33-personal-tech/1808-“bajarán-las-multas-de-tránsito”-gobernador-yunes.html,huatusco,huatusconoticias.com,5,135
4eb0c041f8daf162d1c25c67f170f326,"Como medida de prevención ante el Covid19 y evitar que el virus ingrese a la ciudad, el Ing. Felipe Melchor González, informó en una entrevista en vivo para el medio local Informativo H. Veracruz, que se colocan los filtros en Ferche Gas, entrada por la Centenario, Álamos y rumbo a Tlamatoca.“Estamos estableciendo cercos sanitarios, cuatro módulos en las entradas a Huatusco, estos filtros son para desinfectar a los vehículos que estén entrando a Huatusco se le va a dar una aplicación de un productor que es contra virus, hongos y bacterias”. Dijo Felipe Melchor.Pidió a los automovilistas a que apoyen en esta medida, disminuyendo su velocidad, mientras los inyectores aplican el producto que no es tóxico para las personas, esto al pasar a través de los arcos que están siendo instalados.Así mismo dijo que la Alcaldesa Baldinucci Tejeda Colorado, indicó que se pudieran instalar tres túneles sanitizantes para las personas, se van a establecer los puntos de acceso de personas que llegan de otros lugares para que ingresen al túnel y poder hacer la sanitización.Al final, dijo que la idea es implementarlo durante todo el tiempo que la Secretaria de Salud lo indique, cuando haya pasado la pandemia, pues es una gran inversión ya que los productos son caros, pero la prioridad es evitar que los contagios lleguen a Huatusco.","Colocan cercos sanitarios en Huatusco, pondrán túneles sanitizantes","http://huatusconoticias.com/portal//portal/index.php/local/28-racing/5116-colocan-cercos-sanitarios-en-huatusco,-pondrán-túneles-sanitizantes.html",huatusco,huatusconoticias.com,7,105
df005a0b216eea19b90b30dda22d5810,"El sacerdote Salvador convocó a una faena en la casa de la Cruz en la cabecera municipal, donde ocurrió este accidente y donde lamentablemente murió el Ministro que fue despedido por cientos de personas de la comunidad.Sin embargo, este hecho fue la gota que derramó el vaso, pues  a pesar de ser una persona cercana al cura y prestar servicio en la iglesia, el sacerdote tuvo a las personas ayer más de hora y media esperando para que oficiara la misa de despedida del cuerpo, acusaron vecinos del lugar que bajo el sol permanecieron cientos de personas no solo de Tozongo sino de varias comunidades para despedir a quien prestó servicio a la población.Con una actitud arrogante y de soberbia es como acusaron feligreses al sacerdote Salvador Reyes Montalvo, quien presta servicio en el municipio de Coscomatepec y comunidades, pues él decide cuál de los curas que tiene de apoyo ofician las misas, cobra hasta 7 pesos por homilías y trata de forma despectiva a sus seguidores.Adelfo Murillo Clemente, habitante de la comunidad de Tozongo, una de las personas inconformes y que decidió hablar ante este medio, señaló que él también se ha enfrentado al trato arrogante del padre Salvador, “hace 8 meses falleció un familiar y de igual forma fui a buscarlo para que realizara la misa y fue él quien puso el horario, costo y condiciones, no hay forma de uno llevarle la contraria porque se molesta e incluso se niega a realizar la homilía”“Viene a la comunidad los domingos por la tarde a realizar la misa y si no hay dinero de todos modos la hace, pero después manda a sus representantes a cobrarla, incluso apenas estamos pagando misas que se deben desde diciembre del año pasado, tenemos que hacer rifas o actividades para juntar el dinero y pagarle a pesar de que no sea él quien las hace, han venido otros sacerdotes a realizarlas, pero es a él quien se le paga”, afirmó otro habitante.Somos católicos y acudimos a misa, pero estamos cansados de sus tratos, necesitamos que cambie su actitud o de lo contrario alejará a las personas, incluso pedimos que el obispo intervenga para que dialogue con él o que permita que otros también apoyen en misas y que los cobros no sean tan elevados.","Dan Último Adiós a ministro de Tozongo que cayó de un árbol, acusan al Párroco de arrogante","http://huatusconoticias.com/portal//portal/index.php/local/28-racing/5115-dan-último-adiós-a-ministro-de-tozongo-que-cayó-de-una-palmera,-acusan-al-párroco-de-arrogante.html",huatusco,huatusconoticias.com,10,177
b87a7ad8bdc30c10e57411ece62fd864,"Al conocer el Plan de Reactivación Económica del presidente de México, Andrés Manuel López Obrador, dado en el marco de su Primer Informe Trimestral al Pueblo de México, el diputado local Juan Javier Gómez Cazarín afirmó que bajo el liderazgo y visión social del Ejecutivo federal, la Nación se encamina a una histórica recuperación social y económica, sin endeudamiento público, sin corruptos procesos ni privilegios fiscales para el rescate del sector privado, sin gasolinazos ni desempleo para las y los mexicanos.“El gobierno federal será el que ahora se apriete el cinturón, ajustará aún más su gasto operativo en armonía con la Ley de Austeridad; los combustibles registran una caída en sus precios del 3 por ciento, algo nunca antes visto, y como ejemplo de política social responsable y solidaria, se adelanta el pago de becas a ocho millones de personas adultas mayores, con discapacidad y estudiantes, además, de incrementar el número de beneficiarios de los créditos Tandas para el Bienestar, en apoyo a quienes generan economía en sus localidades”, enfatizó el Presidente de la Junta de Coordinación Política (Jucopo) de la Legislatura local.El representante popular del Distrito XXV, con cabecera en San Andrés Tuxtla, dio seguimiento puntual al mensaje dado al pueblo de México por el mandatario federal, de quien reconoció que ha cancelado la amarga receta que los gobiernos neoliberales le aplicaban a la ciudadanía en tiempos de crisis.Nos pasaban la factura -recordó-, “siempre nos subían los costos de los combustibles, de la energía, se endeudaba al país, se otorgaban beneficios fiscales y rescates multimillonarios a las empresas afines al gobierno, y a la ciudadanía en general se nos hundía en profundas crisis económicas y carestías que terminaban con millones de despidos”.Hoy, agregó, estamos viviendo algo inédito ante la crisis de salud y económica derivada del COVID-19. Estamos viendo a López Obrador comprometido con los sectores vulnerables, no con los grandes corporativos económicos, industriales y financieros; porque primero es el pueblo, primero es el bienestar y la tranquilidad de las familias campesinas, obreras, trabajadores y desempleados. En materia de salud, reconoció la estrategia nacional establecida para hacer frente a la contingencia por el COVID-19, para la cual se ejercerán 4 mil millones de pesos en el Sector Salud a través del Instituto de Salud para el Bienestar (Insabi), contratando cuatro mil médicos y enfermeras, así como sumando a las fuerzas armadas a la atención de pacientes en hospitales públicos.“Nuestro Presidente, al dejar la atención de la pandemia a especialistas epidemiólogos, ha logrado que México sea el tercer país con menor incidencia de contagios y mortalidad por COVID-19, y reconociendo además la participación de la ciudadanía quedándose en casa para quebrar la curva de crecimiento de la pandemia”, dijo.El Coordinador de la bancada de Morena en el Congreso de Veracruz se congratuló con las acciones e inversiones públicas delineadas por el presidente López Obrador para reactivar la economía, uno de cuyos ejes principales es el bienestar de las familias, pero también los grandes proyectos de infraestructura portuaria, carretera, ferroviaria y turística.Es esperanzador, puntualizó, el anuncio de que se generarán dos millones de empleos en el sur-sureste del país, al mantener el flujo de la inversión pública del gobierno por 35 mil millones de pesos en el Corredor Ferroviario del Istmo de Tehuantepec, la refinería de Dos Bocas en Tabasco, la rehabilitación de las seis refinerías de Pemex, la construcción de nuevas termoeléctricas para garantizar el abasto energético en la península de Yucatán y el arranque en mayo próximo de las primeras etapas del Tren Maya.También destacó la inversión de 25 mil millones de pesos para la introducción de servicios básicos y construcción de viviendas en municipios vulnerables, la ampliación del programa Sembrando Vida a 2 mil beneficiarios más, con lo que sumarán 43 mil al término de este año; además, a partir de mayo próximo, 19 mil pescadores recibirán el respaldo del gobierno federal y 31 mil escuelas tendrán más recursos a través de las sociedades de padres y madres de familia, para acciones de mantenimiento.Gómez Cazarín enfatizó que, con este Plan Nacional de Desarrollo para la Reactivación Económica de México, los 3 millones de mexicanos que votaron por el Gobierno de la Cuarta Transformación no se equivocaron en sentar la esperanza del resurgimiento de la Nación en la persona de Andrés Manuel López Obrador, un presidente que está del lado del pueblo y que vela por su bienestar de manera efectiva y contundente.“En este año, el 95 por ciento de los hogares mexicanos recibirán un apoyo del Programa de Bienestar, lo que ayuda a elevar la calidad de vida de las familias y que ahora ya es un derecho plasmado en la Constitución y que sólo una persona como López Obrador podría concretar a favor de millones de mexicanos”, expresó.Por todo lo anterior, el diputado de Morena aseguró que México tiene rumbo y dirección bien definidos, con un Gobierno de la República que mira en todo momento por el bienestar general de la ciudadanía, especialmente, por el desarrollo de las personas más vulnerables. “A la Cuarta Transformación ya nada ni nadie la detendrá”, aseguró.","Encamina López Obrador a México, a histórica recuperación social y económica","http://huatusconoticias.com/portal//portal/index.php/estatal-y-nacional/33-personal-tech/5108-encamina-lópez-obrador-a-méxico,-a-histórica-recuperación-social-y-económica.html",huatusco,huatusconoticias.com,8,427
972f38a5ac1b60225922c80535fd7432,"La captura de los dos presuntos ladrones ocurrió cuando en recorrido sobre la calle dos entre avenidas uno y tres se reconoce a un sujeto con características del individuo que robó una motocicleta el pasado nueve de septiembre y se fugó con dirección a Chavaxtla.Los gendarmes montaron un discreto operativo para detener al sujeto, el cual es intervenido en avenida dos y calle dos, se solicita acrediten la propiedad de la motocicleta y no cuentan con papeles y se constata en el REPUVE que la unidad tenia reporte de robo desde el 29 de agosto de este año.Benjamín Suarez de 19 años, oriundo de Axocuapan comunidad de Tlaltetela así como el menor de identidad resguardada C. J. J. de 17 años, proveniente de Tlapala comunidad del municipio de Totutla , son los detenidos quienes fueron puestos a disposición de la Fiscalía para su respectivo proceso.En su detención los jóvenes manifestaron que en su domicilio tenían dos motocicletas más por lo que gendarmes se trasladaron para recuperar los vehículos robados y sumar tres motos recuperadas.Las características de las motocicletas recuperadas son las siguientes: 1.-  Motocicleta marca Italika Forza, modelo 215, sin placas de circulación, color negra con amarillo, modelo 215, con número de niv 3scpfftee3f147261.  2.- motocicleta marca Italika Forza, color roja sin placas de circulación,   con número de niv 3scpftde4h11154, modelo 217 (cuenta con denuncia ante la Fiscalía en fecha 13 de septiembre del año en curso).  y  3.- motocicleta marca honda color blanca sin número de placas y numero de niv   3h1ja4171fd43782. Modelo 215. "," Policía de Huatusco, captura a ladrones de motos","http://huatusconoticias.com/portal//portal/index.php/nota-roja/22-nota-policiaca/2013-policía-de-huatusco,-captura-a-ladrones-de-motos.html",huatusco,huatusconoticias.com,5,125
8fe9f5e39a9a2504a20c041cdceb0a3c,"Ante el miedo de no saber nada de sus familiares, denunciaron públicamente y ante las autoridades los hechos de la desaparición forzada, iniciando la carpeta de investigación UIPJ/DXVII/2/CI/2329/216, en la Fiscalía Regional de Justicia.En donde se establece que este pasado domingo 23 de octubre el joven empleado fue privado de su libertad y desde entonces no se sabe nada de él.Trascendiendo a través de redes sociales y por las denuncias de los familiares, que otros 7 jóvenes también desaparecieron en la cabecera municipal de Soledad de Doblado.La familia de Juan Ernesto inicio una campaña en redes sociales para tratar de encontrarlo, estableciendo sus características, como delgado, mide un metro con 69 centímetros, pesa 68 kilogramos, de tez morena clara; ojos café oscuro y cabello corto y lacio, como seña particular tiene un lunar blanco en la parte lateral izquierda del abdomen.Sobre las circunstancias de la desaparición de este joven y el resto, son las autoridades las que iniciaron las investigaciones.El gobernador interino Flavino Ríos Alvarado confirmó dicha desaparición. En muy breve entrevista en un medio radiofónico local dijo, que tanto la Fiscalía General del Estado como todas las fuerzas de seguridad están trabajando en la búsqueda de los jóvenes. “Sí tengo conocimiento, la Fiscalía y las fuerzas de seguridad, estatal y federal están llevando a cabo un fuerte operativo para localizar a los jóvenes”.Indicó que hasta el momento no tenía mayor información, pero así como ese asunto se atiende, también se atienden muchos más.",“Levantan” a  8 jóvenes en Soledad de Doblado durante el fin de semana ,http://huatusconoticias.com/portal//portal/index.php/estatal-y-nacional/33-personal-tech/732-levantan-a-8-jovenes-en-soledad-de-doblado-durante-el-fin-de-semana.html,huatusco,huatusconoticias.com,6,114
9f1fd204f9bbcf224b82533ad0bbd7e3,"Los hechos ocurrieron durante la tarde este sábado, pues cerca de las 14:3 horas, vecinos informaron que el taxista Orlando Villalvazo, quien conducía la unidad número 454 de Huatusco del grupo Mi Taxi, era perseguido a balazos por sujetos armados a bordo de una motocicleta.A pesar de que el Taxista trató de escapar de los presuntos sicarios, lograron herirlo a la altura de la capilla de la colonia Centenario, dejando sangre por al menos tres cuadras, hasta donde fue ejecutado, sobre la calle Gardenias y esquina con el Bulevar.El taxista quedó sin vida en el interior del taxi, mismos que presentaba visiblemente un impacto de bala en la cabeza, que le quitó la vida casi de manera instantánea.Tras lo sucedido, arribaron de inmediato paramédicos de la Cruz Roja de Huatusco, quienes solo confirmaron que ya no tenía signos vitales, por lo que el lugar fue acordonado y custodiado rápidamente por elementos de la Policía Municipal, Fuerza Civil, SSP y Guardia Nacional quienes cercaron el lugar.Sus familiares llegaron llorando al lugar, sin dar crecidito de los sucedido, quienes ingresaron hasta el sitio pero fueron retirados por la autoridades, incluso un hijo del taxista, sufrió crisis nerviosa y se desmayó en el lugar.Posteriormente, peritos de la Fiscalía de Huatusco llegaron para realizar las diligencias pertinentes y se retiraron el cuerpo al Semefo para le necropsia de ley.","Ejecutan a hijo de Ex Alcalde de Huatusco, era taxista","http://huatusconoticias.com/portal//portal/index.php/nota-roja/22-nota-policiaca/5098-ejecutan-a-hijo-de-ex-alcalde-de-huatusco,-era-taxista.html",huatusco,huatusconoticias.com,6,113
5bda205c14a1eeeb2cf96ada1a78e8ac,"Al arribo del Presidente de México al Parque 21 de mayo, las porras fueron hacia la Alcaldesa con las palabras “Fuera Lety”, mientras ella ya se encontraba sentada arriba en el estrado, luego de saludar a la multitud y subir a tomar su lugar en el presídium, López Obrador alzó la mano a Cuitláhuac García Gobernador del Estado y evitó saludar a la presidenta, supuesta anfitriona del evento.Durante todo el evento la Alcaldesa fue abucheada y ella solo tomaba fotos con su celular, mientras comerciantes gritaban los atropellos por los cuales son víctimas de la administración de Lety López, otras con pancartas que decían “Sr. Presidente AMLO, en Córdoba, los funcionarios ganan más que usted, Lety López ganas $115 mil + gastos de dieta, sindico $11. mil, regidor 8 mil. Sin Vergüenzas”.El repudia hacia la presidenta de Córdoba fue evidente, pues como es de recordar durante su visita de Obrado a Córdoba como candidato presidencial le fue negado el Parque para su mitin y el pueblo no se lo perdona, pues ahora le gritaron “Saluda a tu Presidente”, al final la Alcaldesa solo le tocó la espalda y AMLO, le dirigió unas cuantas palabras y se retiró.","“Fuera Lety, el pueblo no te quiere”, fueron las porras durante la visita de AMLO a Córdoba","http://huatusconoticias.com/portal//portal/index.php/estatal-y-nacional/33-personal-tech/3681-“fuera-lety,-el-pueblo-no-te-quiere”,-fueron-las-porras-durante-la-visita-de-amlo-a-córdoba.html",huatusco,huatusconoticias.com,7,103
4ecac5291d674c535c6f881095c75614,"Al respecto, el titular de la Coordinación Municipal del Deporte (Comude), Andrés García Merino, indicó que el torneo tuvo la participación de 17 equipos en total; 5 en su categoría juvenil y 12 en su categoría libre es decir que estuvieron en competencia cerca de 13 jugadores.Para la primer final en su categoría juvenil, el vencedor fue el equipo de ""Centro FC"" al derrotar a ""CT'S Crew"" por la mínima diferencia con marcador de 1 a ; mientras que en la categoría libre, ""Centro FC"" e ""Indomables"" empataron a un gol en tiempo regular, definiendo el encuentro en tanda de penales.Con marcador de 4 a 3, el equipo de ""Centro FC"" terminó coronándose como campeón del torneo en su categoría libre.Los equipos de primero y segundo lugar de ambas categorías fueron premiados con medalla y trofeo, de manos del titular de COMUDE así como de la regidora primera, María Josefina Licona Larragoitia encargada de la comisión del deporte.","Centro FC, se corona campeón en Futsal, en categorías juvenil y libre","http://huatusconoticias.com/portal//portal/index.php/deportes/53-nota-deportiva/4214-centro-fc,-se-corona-campeón-en-futsal,-en-categorías-juvenil-y-libre.html",huatusco,huatusconoticias.com,8,79
21a1ab4ae4e3ed389bec7f38b69b492b," De acuerdo a información recabada, los hechos ocurrieron al filo de las 7:3 horas, cuando sobre la carretera en mención circulaba un joven identificado como Javier Hernández Cortes, de 18 años de edad y con domicilio en la comunidad de Capulapa a bordo de una motocicleta color negra.Sin embargo al ir circulaba cerca de la entrada a la comunidad de Ixpila, supuestamente un vehículo le invadió carril contrario y lo estrelló  ocasionó que derrapara sobre la cinta asfáltica quedando herido en el lugar, con la cabeza sobre la cuenta, mientras que el auto responsable se dio a la fuga.Automovilistas que circulaba por el lugar al percatarse del accidente, dieron parte a la Policía Municipal que se trasladó de inmediato al lugar del accidente, de la misma manera llegaron paramédicos de la Cruz Roja quienes le brindaron los primeros auxilios al lesionado quien presentaba laceraciones en el cuerpo y posible fractura en el pie derecho. El joven fue traslado en la ambulancia de la Cruz Roja de Huatusco al Hospital Dr. Darío Méndez Lima, mientras que la motocicleta fue asegurada por oficiales de Tránsito a cargo del perito Marcelo Quechulpa Zepahua quien tomó conocimiento y envió la unidad al corralón.", Motociclista queda lesionado en Amatiopa tras ser impactado por un vehículo ,http://huatusconoticias.com/portal//portal/index.php/nota-roja/22-nota-policiaca/1115-motociclista-queda-lesionado-en-amatiopa-tras-ser-impactado-por-un-vehículo.html,huatusco,huatusconoticias.com,8,103
31cebf7ddb8da2a8f4d0e3246e1c7654,"El Gobierno del Estado dio a conocer qué hospitales estarán disponibles para atender a pacientes con COVID-19, según la cantidad de contagiados graves; por ello, se prevé la Estrategia de Hospitales COVID-19 con Potencial de Expansión en Espacios Alternos, a fin de agregar 437 camas distribuidas de la siguiente manera:Zona Norte: Hospital Regional de Poza Rica con 1 y el Hospital General de Tuxpan, 6.Zona Centro: Hospital General de Boca del Río, 6 camas. Zona Altas Montañas: Hospital Regional de Río Blanco, 16. Zona Sur: Hospital Regional de Minatitlán, 51, y el Hospital Materno Infantil de Coatzacoalcos, 6. Dicha medida es adicional a la Estrategia Base de los Hospitales COVID-19 en todo el territorio veracruzano, con un total de 152 camas exclusivas para los enfermos durante el cambio de la Fase 1 a la 2: Zona Norte: Hospital Regional de Poza Rica, 28. Zona Centro: Centro de Alta Especialidad (CAE) “Dr. Rafael Lucio” de Xalapa, 2; Hospital Regional de Xalapa “Dr. Luis F. Nachón”, 12, y el Hospital de Alta Especialidad de Veracruz (HAEV), 6. El total de espacios es de 92. Zona Altas Montañas: Hospital Regional de Río Blanco, con 2. Zona Sur: Hospital Regional de Coatzacoalcos, 12. En la transición actual, las unidades de los Servicios de Salud de Veracruz (SESVER) registran 12 pacientes hospitalizados.El registro de sospechosos se encuentra distribuido de la siguiente manera, 392 sospechosos (224 mujeres y 168 hombres de entre 1 y 93 años de edad) de 58 municipios, continúan en investigación: Veracruz (125), Xalapa (61), Boca del Río (25), Coatzacoalcos (23), Córdoba (2), Poza Rica (16), Orizaba (14), Medellín (13), Minatitlán (7), Emiliano Zapata (7), La Antigua (6); con 4, Actopan y Cosoleacaque; con 3, Alvarado, Cosamaloapan, Lerdo de Tejada, Puente Nacional, San Andrés Tuxtla, Tezonapa y Las Vigas; con 2, Banderilla, Coatepec, Fortín, Ixhuatlán del Café, Ixtaczoquitlán, Papantla, Paso del Macho, Perote, Tuxpan y Úrsulo Galván; y con uno, Agua Dulce, Acayucan, Carrillo Puerto, Cerro Azul, Chocamán, Coscomatepec, Cotaxtla, Cuitláhuac, Ignacio de la Llave, Ixhuatlán de Sureste, Jáltipan, Jamapa, Jilotepec, Martínez de la Torre, Nanchital, Moloacán, Pánuco, Paso de Ovejas, Playa Vicente, San Rafael, Soledad de Doblado, Tierra Blanca, Tihuatlán, Tlacotalpan, Tlalnelhuayocan y Yanga. De estas personas, 59 están hospitalizadas y 333 con manejo ambulatorio y estables. El número de positivos es de 47: 14 en Boca del Río, 13 en Veracruz, 4 en Poza Rica, 3 en Xalapa, 2 Tlacotalpan y Coatzacoalcos y uno en Perote, Ixtaczoquitlán, Fortín, Río Blanco, Córdoba, La Antigua, Alvarado, Santiago Tuxtla y Emiliano Zapata (defunciones en Tlacotalpan, Emiliano Zapata y Poza Rica). Del total de positivos, 24 están en recuperación tras 14 días de seguimiento (51) y 2 casos más continúan en aislamiento y estricta vigilancia (49). ",Ya son 47 los casos positivos de COVID19 en el Estado,http://huatusconoticias.com/portal//portal/index.php/estatal-y-nacional/33-personal-tech/5110-ya-son-47-los-casos-positivos-de-covid19-en-el-estado.html,huatusco,huatusconoticias.com,2,255
b2cf92d533a4bb2e8014ed195844aee9,"Al lugar en mención arribaron elementos de esta corporación al mando del comandante Franck, quienes corroboraron del hallazgo y fue allí en donde también luego del reporte policiaco arribaron, unidades policiacas del municipio de Tezonapa.Para eso los policías de Omealca por instrucciones del mando policiaco se acordonó la zona para preservar la zona del hallazgo, en donde se confirmó que el cuerpo encontrado correspondía al de un masculino, el cual fue identificado posteriormente como Aurelio Ríos Avendaño de 48 años , quien tenía el cargo de director de la policía municipal en este municipio de Tezonapa.Extraoficialmente se dijo que el cuerpo al estaba sin camisa, presentaba varios impacto de bala y fue encontrado en un cruce de camino de Terracería, el cual se encuentra cerca de unos cañales, pertenecientes a la comunidad El Otate.La noche de este miércoles había trascendido que había sido privado de su libertad, cuya versión no se logró confirmar, pues había fuerte hermetismo entre el cuerpo de policía de este municipio.Al lugar arribaron el segundo comandante de la policía municipal, agentes de la policía ministerial y peritos de criminología para hacer el levantamiento de las primeras indagatorias y posteriormente canalizar el cuerpo al SEMEFO, para hacerles los estudios y la necropsia de rigor.",“Levantan” y ejecutan a director de la Policía Municipal de Tezonapa,http://huatusconoticias.com/portal//portal/index.php/estatal-y-nacional/33-personal-tech/3940-“levantan”-y-ejecutan-a-director-de-la-policía-municipal-de-tezonapa.html,huatusco,huatusconoticias.com,6,98
1e1ddf405ac4531c6ad0fa9875bef13a,"A las 1 de la mañana dieron el banderazo de salida en el Rancho San Juanita en Totutla, para partir hacia Comapa, llegando a la cabecera municipal por diversas travesías, pasaron por cafetales y barrancas para posteriormente dirigirse a la comunidad de Boca del Monte.Los ciclistas llegaron por la ex hacienda de Santa Anna, lugar histórico y en el Parque hicieron su primera parada para hidratarse, muchos se tomaron la foto del recuerdo y contentos luego de unos varios minutos de descanso continuaron para culminar el recorrido.Con dirección a El Pochote los corredores de bicicleta continuaron su camino para posteriormente bajar hacia la barranca de la comunidad de El Jobo, un lugar maravilloso con bonitos paisajes, donde tuvieron que atravesar la conocida Hamaca del lugar, pues a unos 2 metros de profundidad se encuentra el río.La subida no fue nada fácil, todos tuvieron que cargar sus bicicletas para poder salir de la barranca, cansados pero emocionados, nadie se detuvo, incluso varios niños que participaron subieron con sus bicis en medio del fuerte calor que se siente en ese lugar.Al final todos llegaron al campo deportivo donde eran esperados con una deliciosa comida, ahí la Directora de Turismo Mercedes Cantón Croda, entregó una medalla a cada uno de los participantes e hizo expansiva la invitación para participar el siguiente año en el tercer recorrido de Bici Tour Comapa.","Todo un éxito Bici Tour Comapa 219, llegaron hasta de Campeche","http://huatusconoticias.com/portal//portal/index.php/deportes/53-nota-deportiva/4301-todo-un-éxito-bici-tour-comapa-2019,-llegaron-hasta-de-campeche.html",huatusco,huatusconoticias.com,6,118
232b3b89ede8bfa7d3d4346f4157dcbe," Los hechos sucedieron alrededor de las 4 de la tarde cuando el servidor público estatal dejó su unidad, un Nissan Sentra con matrícula YGY 565 en sobre la avenida uno y calle 1 frente a la zapatería 3 Hermanos, Bernardo Hernández Muñoz regresó y no encontró su auto por lo que de inmediato reportó a la comandancia. Después del reporte se implementó un operativo de búsqueda en el municipio en conjunto con Policías Auxiliares en las comunidades, el automotor fue encontrado sobre la calle 2 y fue trasladado por una grúa a la comandancia local.", Roban carro a ministerio público y es recuperado por la Policía Municipal,http://huatusconoticias.com/portal//portal/index.php/nota-roja/22-nota-policiaca/1874-roban-carro-a-ministerio-público-y-es-recuperado-por-la-policía-municipal.html,huatusco,huatusconoticias.com,7,44
c1b404ec18b8233ecf99e6f408013983,"En las diligencias realizados por los Peritos donde también estuvo presente la Policía Ministerial, en base a la investigación ministerial 561/213, se encontró el conocido Bolero Gaspar, quien es el único testigo fiel de estos hechos, pues hasta la fecha, se desconoce el paradero de las demás personas que fueron llevadas a ese lugar y que también fueron torturados.En la reconstrucción de hechos, Gaspar narró todo lo que recordó de esos días de terror que vivió manos de los presuntos estatales, de ellos dependía su vida, dijo, fue subido en una camioneta ese día del 5 de agosto del 213, cuando se encontraba trabajando en su silla de bolear y trasladado a la colonia Centenario en la Bachilleres Huatusco.Dijo que estuvo esposado de pies y manos en los baños, cada tres horas era torturado, le daban toques con la “Chicharra”, le ponían una bolsa de plástico en la cabeza para ahogarlo, le pegaban con una tabla, aún muestra las cicatrices de esas crueldades, hasta el día 8 de agosto de ese 213, cuando decidieron liberarlo tras la presión social y política que exigía fuera entregado.Gaspar dice que pudo apreciar que en el interior del inmueble había por lo menos 1 personas que eran torturadas de la misma manera, de quienes hasta la fecha no se sabe nada de ellos, le decían que se echara la culpa y dijera que él había atacado a los estatales en el Conejo Saltarin el 31 de julio de ese mismo año.Pasadas las 13:3 horas, Gaspar fue liberado en un camino vecinal cerca de Coxolo, donde quedó muy lastimado y unos conocidos que los encontraron lo ayudaron, tras permanecer internado en un hospital pudo recuperarse físicamente.Dentro de los desaparecidos y que presuntamente fueron torturados en el interior de la preparatoria de la Centenario están Andrés Abrahám Fernández Tlazalo, de 29 años de edad, con domicilio en la colonia Ampliación de la Zapata; Cecilio Veneroso Cózar de 27 años, quien vive en la calle 4 sur, entre avenidas 5 y 7; Cesar Peña Laureano de 22 años; de la Colonia Reserva Territorial; Mateo Manolo García Fernández, de 25 años de edad de esa misma colonia, así como Osiris Espejo Pacheco de 28 años, de la colonia Ampliación Zapata, entre otros.Hace unos días, familiares de estas personas marcharon por Huatusco exigiendo saber se investigue sobre el paradero de estas personas, de la misma manera Rosalía Castro Toss del Colectivo Solecito, de personas desaparecidas, dijo que existe la Posibilidad de que haya fosas clandestinas en Huatusco e Ixhuatlán del Café y esperan algunos permisos para iniciar las búsquedas de cuerpos en este último municipio.",Fiscalía hace peritaje sobre caso de Tortura en Bachilleres Huatusco,http://huatusconoticias.com/portal//portal/index.php/especiales/4255-fiscalía-hace-peritaje-sobre-caso-de-tortura-y-en-bachilleres-huatusco.html,huatusco,huatusconoticias.com,7,203
6f2948171635304777ff15c20f7b4da6,"Por instrucciones del presidente Andrés Manuel López Obrador, la compra del equipo médico fue realizada por el Instituto de Salud para el Bienestar, en coordinación con la Secretaría de Relaciones Exteriores, que realizó gestiones ante el gobierno de la República Popular China para establecer un puente aéreo para su envío a México.En este embarque se trajeron 1,184 cajas con 1.1 toneladas de guantes de exploración y mascarillas KN95 de Shanghai, que son productos indispensables en las labores de tratamiento y cuidado del COVID-19, bajo la normatividad y pautas establecidas por la Comisión Federal para la Protección contra Riesgos Sanitarios.A partir de las necesidades identificadas sectorialmente, las máscaras y guantes comprados serán distribuidos esta misma semana al Instituto México del Seguro Social, al Instituto de Seguridad y Servicios Sociales de los Trabajadores del Estado, Petróleos Mexicanos y la Secretaría de Marina.También se entregarán a la Comisión Coordinadora de Institutos Nacionales de Salud y Hospitales de Alta Especialidad; al Instituto de Diagnóstico y Referencia Epidemiológicos, y al Órgano Administrativo Desconcentrado Prevención y Readaptación Social.De igual forma, con apoyo de la Secretaría de la Defensa Nacional y de la Secretaría de Marina, los insumos que correspondan se harán llegar a las secretarías de Salud de las 32 entidades federativas. ","Llega a México desde China, equipo para médicos que harán frente al Coronavirus","http://huatusconoticias.com/portal//portal/index.php/local/28-racing/5113-llega-a-méxico-desde-china,-equipo-para-médicos-que-harán-frente-al-coronavirus.html",huatusco,huatusconoticias.com,8,104
083079ed72686a44da8ba448723b33b7,"Rufina Cuacua Mendoza es el nombre de joven que murió dejando a una niña de alrededor de 5 o 6 años en la orfandad. Cuacua Mendoza no fue atendida por paramédicos al momento de la caída,  lo que complicó las afectaciones.Las versiones consultadas por este medio apuntan a que después de cumplir con la jornada de revisión en el rancho Casa Blanca por elementos de la IPAX, el comandante acudió a recoger a sus elementos.Se desconoce el motivo de la prisa Peralta López, ya que arrancó de inmediato, según fuentes consultadas Rufina no alcanzó a subirse a la batea solo iba en el estribo, debido al exceso de velocidad la hoy occisa cayó al pavimento sufriendo convulsiones, la sangre salía por los oídos y por la boca.Ante la gravedad y evitar el escarnio público el comandante decidió moverla por sus propios medios, la llevaron al ISSSTE pero ante la gravedad de la lesiones, negaron el ingreso de la Policía.Los elementos junto a su superior la trasladaron a la base, le quitaron el uniforme y posteriormente la llevaron al hospital Darío Méndez Lima donde la recibieron pero ante la gravedad de las heridas fue canalizada a Río Blanco de manera inmediata.Sus familiares detectaron diversas negligencias por lo que procedieron de manera legal en contra de los involucrados. Se desconoce el progreso de las investigaciones por parte de la Fiscalía de Huatusco.Rufina presentaba un cuadro muy complicado, ayer en la madrugada sufrió un infarto, tres arterias que alimentaban funciones primordiales dejaron de funcionar lo que la dejó solo con el 15 por ciento de posibilidades de vivir. Hoy a las 4 de la madrugada el desenlace inevitable llegó. Elementos de la IPAX manifestaron a este medio que el comandante Gustavo Peralta López, regularmente maneja a exceso de velocidad sin importarle la integridad de los elementos. Este es uno de los comentario que escribió uno de sus compañeros policía, “Escucha Señor las súplicas de todos los que conformamos #Ipax unidas a las lágrimas de dolor que sentimos por la muerte inesperada de nuestra compañera Rufina Cuacua y haz que alcance tu misericordia y goce para siempre de la luz de aquella patria en que no hay más sufrimiento ni muerte. Por Jesucristo señor amén”Rufina Cuacua, Presentecon informaciòn de Agora Huatusco"," Muere elemento del IPAX de Huatusco, esta madrugada ",http://huatusconoticias.com/portal//portal/index.php/nota-roja/22-nota-policiaca/2897-muere-elemento-de-ipax-de-huatusco-esta-madrugada.html,huatusco,huatusconoticias.com,5,187
5f0274955a212a8ae72a70d49adb5212,"Los hechos ocurrieron cerca de las 13: horas, cuando vecinos de lugar, reportaron a una persona sin vida en un callejón, donde está un puentecito, entre ambas comunidades, pero tenía huellas de haber sido torturado y ejecutado.Al lugar arribaron elementos de la Policía Municipal quienes acordonaron el área y esperaron el arribo de la Fiscalía de Huatusco, siendo los peritos quienes llevaron a cabo el levantamiento del cuerpo.De acuerdo a las características del cuerpo, vestía playera azul, pantalón azul y zapatos café, mismo que podría tratarse de la persona “lavantada” la noche del lunes Huatusco, sin embargo, esperan que sea identificado plenamente por su familia..","Dejan ejecutado en los Robles Totutla, a “El Choco Villafuerte”, secuestrado en Huatusco","http://huatusconoticias.com/portal//portal/index.php/nota-roja/22-nota-policiaca/5117-dejan-ejecutado-en-los-robles-totutla,-a-“el-choco-villafuerte”,-secuestrado-en-huatusco.html",huatusco,huatusconoticias.com,8,55
df7c438053f37c4e7aaa4a1fcc13e3b1," De acuerdo a información recabada, esto ocurrió la noche del miércoles, Jorge Vázquez de 22 años de edad, quien es chofer del taxi 326, había subido a la parte alta del municipio, donde al parecer sujetos con maches que viajaban a bordo de una camioneta doble cabina con lona roja, le cerraron el paso.El taxista dijo que fue asaltado y luego golpeado, quedando lesionado en la comunidad de Elotepec, mientras los supuestos sospechosos, se dieron a la fuga con dirección al municipio de Chichiquila, Estado de Puebla.Al parecer el taxista se retiró del lugar y pidió ayuda en la comunidad de San Diego, donde alertaron a la Policía que llegó al igual de que Cruz Roja, donde los paramédicos brindaron los primeros auxilios y lo trasladaron para su atención.Otra versión que se rumoró entre los mismos taxistas, es que pudo haber sido una venganza de los mismos taxistas de los  Mixto Rural, conocidos como Piratas, debido a la problemática que existe por la invasión de rutas, sin embargo no hubo denuncia ante la Fiscalía de Huatusco."," Asaltan y lesionan sujetos con machetes, a chofer de Taxi Platinum, en Elotepec","http://huatusconoticias.com/portal//portal/index.php/nota-roja/22-nota-policiaca/3509-asaltan-y-lesionan-sujetos-con-machetes,-a-chofer-de-taxi-platinum,-en-elotepec.html",huatusco,huatusconoticias.com,8,87
e394b2756825de93760e4f3c2daa7621,"En Veracruz reconocemos el compromiso del presidente Andrés Manuel López Obrador con el pueblo mexicano y respaldamos las acciones que ha emprendido ante la contingencia sanitaria derivada del Covid-19, afirmó el presidente de la Mesa Directiva del Congreso del Estado, diputado Rubén Ríos Uribe, quien aseguró que el fomento a la inversión pública detonará la actividad económica del país.Tras escuchar puntualmente el Primer Informe del año del Ejecutivo federal, el legislador subrayó que, a diferencia del pasado, este gobierno ha enfocado sus acciones privilegiando a quienes más necesitan el apoyo, como adultos mayores, personas del campo, jóvenes y quienes mueven la economía local, entre otros; por ello, celebró la implementación del Programa Emergente para el Bienestar y el Empleo.Dijo que el anticipo de cuatro meses de apoyo para ocho millones de adultos mayores representa una inversión histórica de 42 mil millones de pesos, las 1 millones 5 mil becas destinadas a estudiantes de todos los niveles educativos, la adhesión de 2 mil campesinos al programa Sembrando Vida y la entrega de 356 mil créditos a pequeños empresarios por parte del programa Tandas para el Bienestar, son una pequeña muestra del enorme compromiso y trabajo del mandatario federal con el pueblo mexicano y con las y los veracruzanos.Rubén Ríos destacó que en Veracruz las diputadas y diputados de Morena se han sumado al llamado ciudadano y donarán un mes de su salario para atender la contingencia sanitaria del Covid-19; por lo que exhortó a los demás partidos políticos a hacer lo mismo, ya que el presidente López Obrador, reconociendo la lealtad y voluntad de sus servidores públicos, ha anunciado la reducción de salarios de mandos medios hacia arriba. “No habrá despidos masivos como en el pasado, solo se harán ajustes ante la crisis y se exigirá mayor eficiencia y apego a la austeridad”.Consideró que el “apretón de cinturón” por parte del gobierno federal al bajar aún más el gasto en publicidad, la partida de viáticos, los gastos de operación y el ahorro en compras con proveedores, aunado al compromiso de no crear nuevos impuestos, conlleva la solidaridad y el respaldo a este plan, por lo que –indicó- en Veracruz habrán de implementarse las acciones pertinentes.El Presidente del Congreso de Veracruz consideró que el manejo que ha dado el gobierno mexicano a la contingencia sanitaria del Covid-19 es el adecuado, toda vez que, solo atrás de la India, México es el país con menos contagios y defunciones. “Vamos por el camino correcto y debemos atender las indicaciones de la autoridad de salud, para que en breve salgamos de esta crisis”.El diputado Ríos Uribe confió en que la recuperación económica del país sea rápida, pero, enfatizó, para que todo esto pueda funcionar debe ir acompañado de un plan, como el anunciado por el presidente López Obrador, que además privilegie a los sectores vulnerables, “no al desamparo de miles de hombres y mujeres que se ganan la vida día a día”.Por último, el legislador reiteró su llamado a seguir las indicaciones para la prevención de contagios del Covid-19, a mantenerse en casa y salir para lo sumamente necesario.",Respalda Rubén Ríos fomento a inversión pública anunciado por el Presidente de México,http://huatusconoticias.com/portal//portal/index.php/estatal-y-nacional/33-personal-tech/5109-respalda-rubén-ríos-fomento-a-inversión-pública-anunciado-por-el-presidente-de-méxico.html,huatusco,huatusconoticias.com,9,260
2b3333b9597a6457a731efe4bb810a5b,"Esto sucedió en la colonia Reserva Territorial, cerca de la Delegación de Transporte Publico, donde elementos de la Policía Municipal marcaron el alto a un taxi, con el número económico 472, pues desplegaban un operativo tras el reporte de balazos en la colonia El Cuatro.Fue al revisar la unidad, que era conducida por Valerio García, de 45 años de edad y domicilio en la Colonia Emiliano Zapata, que los uniformaron encontraron en el interior al menos 25 bolsitas con hierba verde con características de la marihuana, 5 bolsas de polvo blanco y 23 elementos balísticos, es decir, 15 cartuchos de calidad 5.53 y 8 cartuchos calibre .38.Tras el hallazgo, los uniformados rápidamente procedieron con el aseguramiento del taxista y la unidad, así como la droga y cartuchos decomisados, siendo puestos a disposición de la Fiscalía de Huatusco de Huatusco.",Cae taxista de Huatusco con droga y municiones ,http://huatusconoticias.com/portal//portal/index.php/nota-roja/22-nota-policiaca/5103-cae-taxista-de-huatusco-con-droga-y-municiones.html,huatusco,huatusconoticias.com,5,70
fe110b7d24700f87962c5c7ac03c1a6d,"Al Final pudieron corroborar que la menor se encontraba sana y salva con sus familiares, sin embargo, alertaron a las corporaciones de la Policía Municipal ante el temor de que en verdad hubiera secuestradores en la comunidad.En estos momentos se encuentra la Policía Municipal en el lugar, auxiliando a la familia ante la situación, así como mando las recomendaciones necesarias ante una llamada de extorsión.Así mismo el Agente Municipal de otra localidad  reportó que la misma situación se presentó en sábado en su comunidad, donde les dijeron que tenían plagiada a una joven, pero como estaba trabajando en Huatusco, pensaron los peor, afortunadamente pudieron contactarla y descartar que en realidad la habían secuestrado.",Reportan secuestro virtual de una niña en Tlamatoca ,http://huatusconoticias.com/portal//portal/index.php/nota-roja/22-nota-policiaca/5093-reportan-secuestro-virtual-de-una-niña-en-tlamatoca.html,huatusco,huatusconoticias.com,5,52
9c26215d508cf3db14d540c9dd67c282," Los hechos ocurrieron aproximadamente a las 6 de la mañana cuando el comando armado ingresó de forma violenta al hotel   y comenzó a disparar; los presuntos uniformados fueron sometidos brutalmente y  trascendió que algunos iban gravemente  heridos  y hasta probablemente muertos y a pesar de ello, así los subieron a los vehículos en los que viajaban y se las llevaron.En el lugar se implementó  un operativo en la zona donde participan diferentes autoridades de seguridad para la investigación correspondiente.Posteriormente en un comunica el Secretario de Seguridad Pública del Estado de Puebla, Jesús Morales Rodríguez, informó que las ocho personas que se llevaron por la fuerza del Hotel, no pertenecer a ninguna corporación policiaca.También se informó que los hombres pueden ser originarios del Estado de Veracruz, pues en el lugar había una camioneta con placas de Veracruz, presuntamente de los levantados, también se encontró en el interior de las habitaciones uniformes de policías apócrifos. Efectivos de la Policías Estatal y Agentes de Investigaciones realizan las pesquisas en el lugar, aunque se especula que los hombres sacados del hotel podrían ser los mismos que aparecieron durante la mañana en una camioneta en el municipio de Nogales en el Estado de Veracruz.", Comando armado “levanta” a ocho hombres vestidos de Policías Federales en Esperanza,http://huatusconoticias.com/portal//portal/index.php/estatal-y-nacional/33-personal-tech/1099-comando-armado-“levanta”-a-ocho-hombres-vestidos-de-policías-federales-en-esperanza.html,huatusco,huatusconoticias.com,9,95
bdaf78e93aa973a46d13cf31ad999e37,"Los hechos ocurrieron minutos antes de las 9 de la noche, cuando sujeto armados llegaron a bordo de un vehículo y se llevaron a Enrique Villafuerte, de 43 años de edad, mientras se encontraba en el interior de su negocio.Según información recabada, diversas personas que se encontraba en el lugar y fueron testigos del presunto plagio, dieron parte a las autoridades.Tras los hechos, se desplegó un intenso operativo por parte de la Guardia Nacional, Fuerza Civil y Policía Municipal, quienes mantiene peinando el lugar en busca de los presuntos secuestradores y liberar a este comerciante.En el lugar, aun patrullan elementos de la Fuerza Civil, pues la familia se encuentra en el lugar a espera de recibir información para la liberación de Enrique Villafuerte.",“Levantan” a “El Cocho Villafuerte” frente a la Alameda de Huatusco,http://huatusconoticias.com/portal//portal/index.php/nota-roja/22-nota-policiaca/5105-“levantan”-a-“el-cocho-villafuerte”-frente-a-la-alameda-de-huatusco.html,huatusco,huatusconoticias.com,6,62
0e6219736d6e39bfb85bba0b935bf127,"La integrante del Grupo Legislativo del PAN, fue autora de una iniciativa que aprobó el Congreso de Veracruz para declarar el 1 de abril de todos los años el Día de las Personas Baristas, como un reconocimiento a las aportaciones de las mujeres y hombres que preparan bebidas con el café.Nora Lagunes destacó que la experiencia cotidiana de esta bebida, se ve enriquecida por la aportación que las personas baristas, agregan al proceso de degustación. Su labor, dijo, es fundamental para apuntalar la parte final del proceso, impulsando las ventas que impactan en toda la cadena productiva, a partir de cada taza servida, productores, cortadores, finqueros, beneficiadores, tostadores, comercializadores y cafeterías, se ven beneficiados.Por último, la Presidenta de la Comisión Especial para la Atención y Seguimiento del Cultivo, Transformación, Procesamiento y Comercialización del Café Veracruzano, dijo que “En Veracruz sabemos de café, desde la finca hasta la taza. Por este motivo a los baristas se les conoce como la mano 1 de todo este proceso del cultivo hasta que nos sirven un café. Nuestro estado se distingue tanto en la producción como en el consumo del aromático. Consumirlo, forma parte de la esencia veracruzana” finalizó.",*Baristas fortalecen al café veracruzano: Nora Lagunes*,http://huatusconoticias.com/portal//portal/index.php/estatal-y-nacional/33-personal-tech/5100-baristas-fortalecen-al-café-veracruzano-nora-lagunes-2.html,huatusco,huatusconoticias.com,4,95
463df0ff677f353666e4f7603a8a9ef1,"Dicha actividad tiene como objetivos principales fomentar el deporte y fortalecer la convivencia familiar, explicó Jorge López Tress, titular de la Dirección de Educación y Deporte.Está rodada partió del campo de El Palomar hasta llegar al campo de la colonia Aquiles Córdova Morán y de ahí retornar al punto de partida completando un recorrido de 12 kilómetros.Integrantes de la familia Arcos Jimenez reconocieron que esta actividad les permite pasar más tiempo en familia y fomentar en sus hijos el deporte “estás rodadas nos ayudan que salgamos en familia y que con los compañeros salgamos a distancias más largas”.Francisco Alavid Blanco, ciclista de Orizaba, aplaudió la iniciativa de las autoridades municipales, sobre todo cuando destacó se debe trabar más en la promoción de una cultura vial de respeto a los ciclistas en general.",Disfrutan cordobeses de 1ra. Rodada Ciclista del 22,http://huatusconoticias.com/portal//portal/index.php/deportes/53-nota-deportiva/4904-disfrutan-cordobeses-de-1ra-rodada-ciclista-del-2020.html,huatusco,huatusconoticias.com,4,69
d32248d2a36ba6d9bb8c83c153b094fd,"El accidentado fue identificado como Yoshua Peralta Hernández de 25 años quien por circunstancias desconocidas perdió el control. Al lugar arribaron paramédicos de la Cruz Roja para atender al joven.Los primeros en llegar fueron elementos de la Policía Municipal, también arribó el agente de Tránsito del Estado  Moises Jácome fuentes para tomar conocimiento. ", Herido Tras derrapar de su moto en la Enrique Trejo,http://huatusconoticias.com/portal//portal/index.php/nota-roja/22-nota-policiaca/2557-herido-tras-derrapar-de-su-moto-en-la-enrique-trejo.html,huatusco,huatusconoticias.com,6,29
34866bddede9ce34d3aa88d164b20e78,"Recuerdo una historia que quizás muchos de nosotros hemos escuchado: los asesinos de Pancho Villa desistieron de matarlo en el primer intento porque, justo cuando iba pasando, un grupo de niños salía de la escuela. Serían muy gatilleros despiadados como para matar a traición, pero ese día prefirieron no llevarse a ningún niño por delante.La actitud del presidente Andrés Manuel López Obrador en ocasión de la reacción violenta de un cártel ante el acorralamiento de su líder nos habla una vez más del temple de estadista de quien encabeza la Cuarta Transformación de México.Sus malquerientes a ultranza se han atrevido a criticar lo que, según ellos, denotó una falta de responsabilidad, cuando lo que demostró fue justamente lo contrario: sangre fría, cálculo analítico, visión global de la historia, inclinación a ponderar el mal menor y, sobre todo, su auténtico aprecio por las vidas humanas. Siempre habrá otra oportunidad de capturar a un criminal buscado. Ya habrá otra ocasión, en una carretera, en algún rancho.Hay que reconocer que incluso voces desde fuera de las filas de la corriente ideológica del Presidente han tenido el valor de mostrar su acuerdo con la decisión presidencial (Miguel Alemán Velasco, Mikel Arriola y otros) de haber evitado una masacre que, a estas horas, todavía estaríamos lamentando los mexicanos.Es muy fácil juzgar a la ligera, pero creo que un elemental ejercicio nos permite aproximarnos en algo a la dimensión de la disyuntiva que enfrentó el Presidente con su Gabinete de Seguridad Nacional: qué habría hecho cualquiera de nosotros –qué habrías hecho tú- teniendo en una mano la oportunidad de capturar a un importante criminal –al terrorista más buscado del mundo, si te parece- a cambio de la muerte de civiles inocentes:Señoras y sus hijos haciendo la tarea escolar en el comedor de sus casas, enfermeras que volvían del trabajo, señores manejando su taxi, un papá comprando un pastel para su hija. Imagínatelos como la gente con la que tratas todos los días. La señora que te vendió algo en la tienda, el esquitero con su triciclo, el vigilante que saluda en la mañana cuando llegas al trabajo. Imagínate que esa gente confía en ti. ¿Los dejarías morir para atrapar al delincuente?*Diputado local. Presidente de la Junta de Coordinación Política del Congreso del Estado.",¿Tú qué hubieras hecho? ,http://huatusconoticias.com/portal//portal/index.php/estatal-y-nacional/33-personal-tech/4581-¿tú-qué-hubieras-hecho.html,huatusco,huatusconoticias.com,1,178
2eceb288375375419f9d8263947f0aaf,"La noticia de su extinción la dio a conocer un estudio publicado en la revista Science of the Total Environment, en el que se hace oficial su pérdida.La publicación indica que entre 1981 y el 23 se llegaron a contar un total de 21 avistamientos de la especie. En 1996, la Unión Internacional para la Conservación de la Naturaleza la declaró en peligro crítico.Asimismo, en el estudio se indica que esto coincide con el avance del progreso humano en la zona.En el 23, con la inauguración de la presa las Tres Gargantas, la situación se vio más complicada. Lo contaminado de las aguas y la pesca fueron contribuyentes para que esta especie no encontrara lugares aptos para reproducirse.Hoy por hoy, los científicos y expertos llevan 1 años sin ver un solo espécimen del pez espada chino, por lo que se ha hecho oficial su extinción. Sin duda, una noticia que debería de entristecernos a los seres humanos.",Esta es la primera especie que es declarada extinta en el 22,http://huatusconoticias.com/portal//portal/index.php/especiales/4842-esta-es-la-primera-especie-que-es-declarada-extinta-en-el-2020.html,huatusco,huatusconoticias.com,4,68
7b99c3010e7a963c78d0313cf98f10f6,"Ciclistas de diferentes municipios hicieron presencia en la explanada del parque Zaragoza, arrancando la travesía a las 9:3 de la mañana, para cruzar por localidades de Tepetzingo, Tlavictepan, Sochibebeca, Sábanas, col. Xacotla, finalizando con un bonito convivió en el campo Centenario de béisbol.En su paso atravesaron fincas, ríos, potreros, cañales, lomas, bosques, todo con el fin de que los presentes, conocieran la zona turística de la región de las altas montañas.Los visitantes llegaron de diferentes puntos, como Córdoba, Orizaba, Mendoza, Chocaman, Coscomatepec, Col. Manuel González, Veracruz, R. Cabada, Tlaltetela, etc.Cabe resaltar que este evento deportivo fue organizado por un grupo de ciclistas huatusqueños, que año con año han logrado sacar adelante la travesía, reconociendo que, en esta participación, fueron apoyados por el Ayuntamiento de Huatusco, por parte de la alcaldesa Baldinucci Tejeda Colorado.","En Huatusco, 35 ciclistas participan en la Quinta Edición de Confraternidad Ciclista ","http://huatusconoticias.com/portal//portal/index.php/deportes/53-nota-deportiva/4676-en-huatusco,-350-ciclistas-participan-en-la-quinta-edición-de-confraternidad-ciclista.html",huatusco,huatusconoticias.com,7,75
a70b2715a808ccc8f6fc0703fdccbe47,"El accidente ocurrió al filo de las 9 de la noche, cuando un Nissan Datsun, modelo 1978, con placas XW95 651 del estado, que era conducido por Cristino González de la comunidad de Galera Quemada, se impactó contra un camión Freightliner, de la empresa de Super Pollo de Neria, que trasportaba pollos.El percance se suscitó metros antes de llegar al campo deportivo de Sabanas, donde se encuentra la curva, lugar donde impactaron la unidad, quedando el Datsun completamente destrozado y el conductor prensado en el interior de carro.Al lugar arribaron paramédicos de la Cruz Roja quienes brindaron los primeros auxilios y trasladaron al herido hasta el Hospital, también llegaron elementos de Protección Civil y Policía Estatal.El tramo se encuentra bloqueado en ambos sentidos, pues las unidades quedaron sobre los carriles de subida y bajada, por lo tanto, en estos momentos no hay circulación vial, hasta el arribo de la Policía Federal de Caminos."," Se registra fuerte accidente en Sabanas, una persona prensada","http://huatusconoticias.com/portal//portal/index.php/nota-roja/22-nota-policiaca/4238-se-registra-fuerte-accidente-en-sabanas,-una-persona-prensada.html",huatusco,huatusconoticias.com,6,74
49ec3d857d421df53e368653f6ec1e10," La diputada panista alertó a las autoridades de los tres órdenes de gobierno que la situación de contingencia sanitaria obliga a las personas a quedarse en casa, y en los casos donde ya existe una situación de riesgo de violencia, esta tiende a acrecentarse por el mayor tiempo de convivencia que las mujeres tienen con sus prejas.Lagunes Jáuregui dijo que “el confinamiento trae consigo restricciones que provocan otro tipo de limitaciones y ponen en situación de riesgo a las mujeres por diversas razones: no pueden salir a pedir ayuda, económicamente dependen de su agresor, acuden a mecanismos de sumisión, como quedarse calladas para evitar problemas, además de que el encierro favorece al agresor, para mantenerse en la impunidad”. La legisladora expresó que en los hogares donde los espacios son pequeños, limita el margen de acción de las mujeres para defenderse, lo que las mantiene en estado de ansiedad y estrés. En este contexto, Nora Lagunes hizo un llamado a las autoridades a incorporar la perspectiva de género en las políticas públicas de seguridad pública ante este aislamiento, es decir, considerar que el encierro afecta de manera diferenciada a mujeres y hombres; y estar alertas ante cualquier llamada de urgencia y acudir con la prontitud que un caso de violencia amerita. Recordemos que en el año 219, nuestro estado ocupó el primer lugar a nivel nacional en feminicidios con 159 mujeres asesinadas, no podemos permitir que este aislamiento cueste vidas, enfatizó la diputada integrante de la Comisión Permanente para la Igualdad de Género. La legisladora expresó que el Instituto Veracruzano de las Mujeres cuenta con personal especializado, donde se brinda atención, acompañamiento a las instancias correspondientes y en su caso, resguardo en el Refugio para Mujeres en Situación de Violencia. Puedes llamar al 75 Línea de la Mujer; 8968537; al  911 y al  89 denuncia anónima. Pidió a las y los veracruzanos promover que este tiempo de aislamiento sea para fortalecer las relaciones familiares y fomentar una vida armónica, libre de todo tipo de violencia.","Diputada Nora Lagunes, alerta que aislamiento por COVID-19 podría aumentar casos de violencia contra las mujeres","http://huatusconoticias.com/portal//portal/index.php/estatal-y-nacional/33-personal-tech/5107-diputada-nora-lagunes,-alerta-que-aislamiento-por-covid-19-podría-aumentar-casos-de-violencia-contra-las-mujeres.html",huatusco,huatusconoticias.com,10,165
4be5d8427d0122cf6069ca12e9564994,"La persecución de Garrido contra los católicos incluyó la muerte de sacerdotes, clausura de todas las iglesias en Tabasco, obligar a los sacerdotes a casarse y la prohibición del uso de la cruz en las tumbas. Todos los sacerdotes que no contrajeran matrimonio fueron puestos fuera de la ley en el estado y sus vidas estuvieron en riesgo. Cosas similares ocurrían en Veracruz, pero además la violencia se recrudecía por los movimientos agraristas que eran fomentados desde el gobierno al grado tal que el mismo gobernador dotaba de armas a los grupos que con tal de verse favorecidos formaban grupos de apoyo al gobernador secundando sus acciones anticlericales y de hostilidad a los católicos. Esto que contaré ocurrió un día 9 de junio del año que se menciona al principio, el sacerdote José de Jesús Camo era párroco de la Colonia Manuel González y en aquella ocasión había acudido a la comunidad de Peregrina, congregación de Chavaxtla, a oficiar una misa y realizar unas primeras comuniones. Al pardear la tarde montó en su caballo y tomó el camino de retorno a su parroquia, más su destino ya estaba marcado. Desde hacía un buen rato se habían apostado en la entrada de Chavaxtla, en la desviación que se dirige a La Peregrina un grupo de aproximadamente ocho hombres entre los que se encontraban los hermanos Laureano, Isauro y Luis Castelán Martínez, todos oriundos de Chavaxtla y todos violentos anticlericales y perseguidores de la religión. Entre risotadas y escupitajos bebían alcohol y fumaban confiados en que su plan daría resultado, no hacía falta mucha planeación, el lugar en donde estaban era la única salida por donde tenía que pasar el sacerdote quien, ajeno a lo que se maquinaba, avanzaba a paso lento sobre su cabalgadura en el difícil y pedregoso camino. La tarde era muy calurosa como corresponde a esas latitudes y por una razón que nadie se ha explicado el sacerdote avanzaba completamente solo. Los hombres escucharon el avance de la cabalgadura a la distancia y haciendo solo algunas señas cada uno se fue a apostar al sitio que previamente habían escogido. El cura avanzó ajeno al peligro que le amenazaba y cuando menos lo esperaba se escucharon los disparos dirigidos a su humanidad. El padre cayó de su caballo con algunos disparos en el cuerpo mientras que su cabalgadura salió corriendo con algunas heridas también. Todo sucedió tan rápido que no hubo manera de defender al cura. Los hombres se miraron entre sí como sorprendido por haber realizado tal acción que no atinaban a moverse, solo Laureano se aproximó con un revolver para rematar al hombre herido. Fue entonces que el padre Camo levantó la mano con el instinto de protegerse diciéndole al matón: -Ya no me pegues hijo. Su súplica fue inútil, el hombre accionó su arma y cuenta la tradición que los plomos no atravesaron la mano del sacerdote, que todas las balas quedaron en su palma. Fue entonces que una mujer cuyo nombre ha quedado en el olvido, al darse cuenta de la agresión al sacerdote, corrió y se aventó sobre el herido cubriéndolo con su cuerpo. Entonces, aquellos sanguinarios, tomaron palos de café para golpear a la samaritana hasta causarle la muerte. Creyendo muertos a los dos, los hombres emprendieron la retirada. Cuentan quienes llegaron después a auxiliar al padre y a la mujer que en los maderos de café se quedaron impregnados trozos del cerebro y cabellos de aquella mártir. La señora estaba muerta pero el sacerdote se encontraba con vida. Fue trasladado a Huatusco peo no pudo restablecerse de sus terribles heridas y entregó su alma el día 19 de junio de 1931 a las 14:15 de la tarde. El padre José de Jesús Camo era nativo de Totutla y había nacido el 16 de abril de 1875. Su sepelio se realizó al día siguiente desatándose un zafarrancho tan violento que dejó muchos muertos pero esa… es otra historia.","A 88 años, el crimen del Padre Camo en Chavaxtla ",http://huatusconoticias.com/portal//portal/index.php/especiales/4045-a-88-años-del-crimen-del-padre-camo-en-chavaxtla.html,huatusco,huatusconoticias.com,5,320
30a9049c6429407683735996d8b5a21b,"Prestadores de servicios turísticos, y pobladores de las comunidades que participaron en la reforestación hace 25 años, denunciaron que al menos tres familias han sistematizado tala clandestina del bosque para obtener recursos de manera fácil e ilícita.Los denunciantes pidieron hacer efectivas las políticas públicas de gobierno de Andrés Manuel López Obrador para sancionar con castigos ejemplares a los taladores y que se apliquen operativos con el Ejército Mexicano, toda vez que la Comisión Nacional Forestal, la Comisión Nacional de Areas Naturales Protegidas, la Procuraduría Federal de Protección Ambiental y la Secretará del Medio Ambiente no han podido frenar el problema que impacta a todos.Las cuadrillas de “peloneros” -sobrenombre que reciben los talamontes porque dejan pelón el bosque- con moto sierras, bestias de carga y camionetas de toneladas son capaces de talar hasta 4 árboles por jornada, madera que llega de manera clandestina a los aserraderos de Ciudad Mendoza para convertirse en tarimas de carga.De acuerdo a los denunciantes, quienes piden el anonimato por temor a que los grupos de taladores portan armas, señalaron que las familias de apellidos Alarcón, Vázquez y Morales operan el ilícito con cuadrillas que depredan dentro y fuera del Parque Nacional Pico de Orizaba, principalmente en las comunidades de Xometla, El Paso, El Comal, Potrero Nuevo, La Ciénega y Rancho Nuevo en el municipio de La Perla.En la época de los 9s se realizó una gran campaña encabeza por el Gobierno de Veracruz, IMSS Coplamar, asociaciones civiles y pobladores de San José Pilancón en el municipio de Mariano Escobedo, así como comuneros de San Miguel, Chinalá, Potrero Nuevo, San y San Miguel Pilancón en la Perla para reforestar más de tres mil hectáreas, que ahora son devastadas por los taladores sin que los árboles alcancen una talla maderable siquiera. Muere Glaciar Jamapa La constante depredación de la cubierta forestal del Pico de Orizaba o Citlaltépetl muestra sus efectos directos en la gradual muerte del único glaciar de la montaña, el Jamapa que en este año registra un aumento de su deshielo a través del fenómeno de alpinagua.Alpinagua es el periodo diario de deshielo del glaciar que hace apenas dos años, tenía una duración de cuatro horas, en este año su lapso de derrama es de 12 horas, lo que significa un acelerado proceso de muerte de único glaciar vivo, según especialistas consultados.La atracción de agua por parte de la montaña para procesarla y devolverla a las partes bajas depende la cubierta forestal que sufre amputaciones diarias y cada vez más aceleradas sin que autoridad alguna detenga el fenómeno.Los denunciantes pidieron la intervención de autoridades del Ejército Mexicano y la Fiscalía General de la República para hacer operativos y desalentar a los depredadores, a la par que el Programa del Gobierno de México, Sembrando Vida se intensifique y privilegie para la montaña más alta de México que además es la fábrica agua para miles de habitantes de los estados de Veracruz y Puebla.","Se dispara deforestación en el Pico de Orizaba, talan 12 Hectáreas de marzo a mayo","http://huatusconoticias.com/portal//portal/index.php/especiales/3966-se-dispara-deforestación-en-el-pico-de-orizaba,-talan-120-hectáreas-de-marzo-a-mayo.html",huatusco,huatusconoticias.com,8,263
e0cd16d1959d1efda40dc1676ca97913,"Fue al filo de las 11:3 horas, que el Delegación de Águilas Negras reportó el incendió de un trapiche que se encuentra a 5 metros del Jardín de Niños, por lo cual, se trasladaron al lugar elementos de la Policía Municipal, Protección Civil y Bomberos.Los primero que empezó a incendiarse fue el bagazo que se encontraba junto a la hornalla, pues debido al calor ardió, posteriormente se extendió hacia todo el bagazo consumiendo por completo el trapiche.Los cuerpos de auxilio y vecinos batallaron por varias horas hasta el transcurso de la madrugada cuando el fuego fue contralado aunque toda la galera se quemó, afortunadamente no hay lesionados.    ", Se incendia trapiche en Cotecontla,http://huatusconoticias.com/portal//portal/index.php/nota-roja/22-nota-policiaca/1574-se-incendia-trapiche-en-cotecontla.html,huatusco,huatusconoticias.com,3,52
9e17be3d834e4239958702d4373d68f2,"Las inscripciones son gratuitas y están abiertas en las oficinas de la dependencia municipal de 8 de la mañana a 3 de la tarde , de lunes a viernes.El lunes 9 de diciembre a partir de las 5 de la tarde se llevará a cabo la acción deportiva en las ramas varonil y femenil. Categorías libre de 15 a 35 años, máster de 36 a 49 años y veteranos de 5 años en adelante.Habrá premios para los participantes; categoria libre primer lugar 7 pesos, segundo lugar 5 pesos y tercer lugar 3 pesos.Para la categoría máster los premios se detallan de la siguiente manera; primer lugar 5 pesos, segundo lugar 3 pesos y tercer lugar 2 pesos.Finalmente para la categoría de veteranos los premios son; primer lugar 5 pesos, segundo lugar 3 pesos y tercer lugar 2 pesos.Las inscripciones ya se encuentran abiertas y se cerrarán el 6 de diciembre, los requistos que debe llevar para inscribirse son ; copia de credencial de elector y firmar una responsiva.","Comude Huatusco, Te invita al evento deportivo, "" Corre, camina o trota"" al Cerrito de Guadalupe.","http://huatusconoticias.com/portal//portal/index.php/deportes/53-nota-deportiva/4743-comude-huatusco,-te-invita-al-evento-deportivo,-corre,-camina-o-trota-al-cerrito-de-guadalupe.html",huatusco,huatusconoticias.com,10,78
